context_products,actual_next_product,recommended_products,hit
Good Day Cookies | Center Fresh Gum | Cumin Seeds 100g | Bisleri Water 1L | Eggs (Pack of 6) | Potato (Aalu) per kg | Cling Film 30m | Wai Wai Single Pack | Spinach (Palungo) bundle | Onion (Pyaj) per kg | Coriander Powder 200g | Odonil Air Freshener | Basmati Rice 25kg | Maida (Refined Flour) 5kg | Cauliflower per kg | Mozzarella Cheese 200g | Tomato per kg | Gillette Mach 3 Razor | Dabur Amla Hair Oil 200ml,Chana Dal 1kg,Wai Wai Veg (Pack of 30) | 2PM Chicken Noodles | Maggi 2-Min 70g | Wai Wai Chicken (Pack of 30) | Garlic (Lasun) per kg,False
Mayonnaise 500g | Horlicks 500g | Bottle Gourd (Lauka) per pc | Dairy Milk 50g | Sprite 2L | Kurkure Masala Munch | Chicken Breast (Boneless) 1kg | Moong Dal 1kg | Bisleri Water 1L | Real Mixed Fruit Juice 1L | Maida (Refined Flour) 5kg | KitKat 4-Finger | Lays Magic Masala 50g | Wai Wai Chicken (Pack of 30) | Mountain Dew 2L | Coca-Cola 2L | Mustard Seeds 200g | Green Chilli (Khursani) 100g | Fanta 2L | Bournvita 500g | Sujal Yoghurt 400g | Harpic Toilet Cleaner 1L | Toor Dal (Rahar) 1kg,Mentos Roll,Tomato per kg | Onion (Pyaj) per kg | Garlic (Lasun) per kg | 2PM Chicken Noodles | RaRa Noodles Single Pack,False
Sunsilk Shampoo 180ml | Hit Mosquito Spray | Cauliflower per kg | Green Chilli (Khursani) 100g,Lays Magic Masala 50g,Tomato per kg | Onion (Pyaj) per kg | Potato (Aalu) per kg | Spinach (Palungo) bundle | Cumin Seeds 100g,False
Garlic (Lasun) per kg | Cumin Seeds 100g | Sprite 2L | Kurkure Masala Munch | RaRa Noodles Single Pack | Ariel Detergent 1kg | Wai Wai Single Pack | Coriander Powder 200g | Bourbon Cream Biscuit | Bay Leaves 50g | Atta (Wheat Flour) 10kg | Bru Coffee 100g | Maida (Refined Flour) 5kg | Oreo Vanilla 120g | 2PM Chicken Noodles | Mustard Oil 1L | KitKat 4-Finger | Lays Magic Masala 50g | Mountain Dew 2L | Ice Cream Tub 1L (Chocolate) | Coca-Cola 2L | Frooti Mango 200ml | Surf Excel Detergent 1kg | Maggi 2-Min 70g | Whole Chicken 1.2kg | Turmeric Powder 200g | Tomato per kg | Amul Butter 500g,Onion (Pyaj) per kg,Onion (Pyaj) per kg | Ginger (Aduwa) per kg | Wai Wai Chicken (Pack of 30) | Wai Wai Veg (Pack of 30) | Dairy Milk 50g,True
Sprite 2L | Vanaspati Ghee 1kg | Whisper Sanitary Pads (Pack of 14) | Pomegranate per kg | Wai Wai Single Pack | Mayos Potato Chips,Kurkure Masala Munch,Kurkure Masala Munch | Wai Wai Chicken (Pack of 30) | 2PM Chicken Noodles | Maggi 2-Min 70g | Lays Magic Masala 50g,True
Basmati Rice 5kg (Premium) | Burger Buns (Pack of 6) | Masoor Dal (Musuro) 1kg | Pure Cow Ghee 500ml | Nepal Tea Premium 500g | Coconut Crunchies Biscuit | Real Mango Juice 1L | Sugar 1kg | DDC Milk 500ml | Pepsi 2L | Red Bull 250ml | Wai Wai Chicken (Pack of 30) | Soy Sauce 500ml | Maggi 2-Min 70g | RaRa Noodles Single Pack | Wai Wai Single Pack | Cardamom 100g | Frozen French Fries 1kg | Marie Gold Biscuit | 2PM Chicken Noodles,Buffalo Ghee 1L,Tokla CTC Tea 500g | Onion (Pyaj) per kg | Buffalo Ghee 1L | Tissue Box 200-pull | Lizol Floor Cleaner 1L,True
Mustard Oil 1L | Frozen Chicken Sausage 250g | Marie Gold Biscuit | Mutton (Khasi) 1kg | Lux Soap (4-pack) | Tomato per kg | Cello Tape Roll | Bru Coffee 100g | Atta (Wheat Flour) 10kg,Bourbon Cream Biscuit,Onion (Pyaj) per kg | Sugar 1kg | DDC Milk 500ml | Garlic (Lasun) per kg | Potato (Aalu) per kg,False
Marie Gold Biscuit | Cream Roll Pack | Amul Cheese Cubes 200g | Himalaya Face Wash Neem | Moong Dal 1kg | Wai Wai Single Pack | Chilli Powder 200g | DDC Milk 1L | Atta (Wheat Flour) 10kg | Carrot per kg | Nepal Tea Premium 500g | Pril Dishwash Bar 4pc | Bourbon Cream Biscuit | Mountain Dew 2L | DDC Milk 500ml | Wai Wai Veg (Pack of 30) | Nivea Soft Moisturizer 100g | RaRa Noodles Single Pack | Tokla CTC Tea 500g | Harpic Toilet Cleaner 1L | Pond's Cold Cream 100g | Sugar 1kg | Beaten Rice (Chiura) 1kg,Turmeric Powder 200g,Onion (Pyaj) per kg | Tomato per kg | 2PM Chicken Noodles | Maggi 2-Min 70g | Wai Wai Chicken (Pack of 30),False
Toilet Paper (4-roll) | Lizol Floor Cleaner 1L | Dairy Milk 50g | Sprite 2L | Kurkure Masala Munch | Lux Soap (4-pack) | Prawns Frozen 500g | KitKat 4-Finger | Lays Magic Masala 50g | Mountain Dew 2L | Coca-Cola 2L | Hit Mosquito Spray,Harpic Toilet Cleaner 1L,Tomato per kg | Onion (Pyaj) per kg | Vim Liquid Dishwash 500ml | Harpic Toilet Cleaner 1L | Surf Excel Detergent 1kg,True
Cumin Seeds 100g | Cauliflower per kg | Spinach (Palungo) bundle | Cream Roll Pack | Potato (Aalu) per kg,Mango per kg (seasonal),Tomato per kg | Onion (Pyaj) per kg | Coriander Powder 200g | Ginger (Aduwa) per kg | Garlic (Lasun) per kg,False
Sugar 1kg | Nepal Tea Premium 500g | Lays Magic Masala 50g | Horlicks 500g | Nescafe Classic 100g Jar | Tokla CTC Tea 500g | Real Mango Juice 1L | Tide Detergent 1kg | DDC Milk 1L,Lux Soap (4-pack),Marie Gold Biscuit | DDC Milk 500ml | Eggs (Pack of 6) | Amul Butter 500g | Tomato per kg,False
Cream Roll Pack | Burger Buns (Pack of 6) | Sliced Bread 400g | Cabbage per piece | Coconut Crunchies Biscuit | Nepal Tea Premium 500g | 2PM Chicken Noodles | Frozen Chicken Sausage 250g | Tomato Ketchup 1kg | Ariel Detergent 1kg | Tokla CTC Tea 500g | Cumin Seeds 100g | DDC Milk 500ml | Reynolds Ballpoint Pen | Brown Rice 2kg | Marie Gold Biscuit | Vim Liquid Dishwash 500ml | Grapes per kg | Sona Mansuli Rice 25kg | Pond's Cold Cream 100g | Cardamom 100g | Nescafe Gold 95g | Coca-Cola 500ml | Onion (Pyaj) per kg | Donut (Glazed) per pc | Johnson's Baby Powder 200g | Sugar 1kg | Brinjal (Bhanta) per kg,Chana Dal 1kg,Tomato per kg | Lizol Floor Cleaner 1L | Toilet Paper (4-roll) | Surf Excel Detergent 1kg | Tissue Box 200-pull,False
Mango per kg (seasonal) | Coconut Crunchies Biscuit | Nepal Tea Premium 500g | Tokla CTC Tea 500g | DDC Milk 500ml | Marie Gold Biscuit | Amul Cheese Cubes 200g | Coriander (Dhania) bundle,Sugar 1kg,Sugar 1kg | Tomato per kg | Onion (Pyaj) per kg | Tissue Box 200-pull | Lizol Floor Cleaner 1L,True
Lays Magic Masala 50g | Frozen Chicken Sausage 250g,Bourbon Cream Biscuit,Coca-Cola 2L | Mountain Dew 2L | Sprite 2L | Kurkure Masala Munch | KitKat 4-Finger,False
Cream Roll Pack | Lays Magic Masala 50g | Mustard Oil 1L | Tokla CTC Tea 500g | Whole Chicken 1.2kg | Donut (Glazed) per pc | Coriander Powder 200g,Sugar 1kg,Onion (Pyaj) per kg | Tomato per kg | Garlic (Lasun) per kg | Potato (Aalu) per kg | Spinach (Palungo) bundle,False
